run,name,mode,size,MBps
1,pipe,thr,4096,6853.8
1,fifo,thr,4096,6908.1
1,socketpair,thr,4096,4660.6
1,unix,thr,4096,4770.5
1,tcp,thr,4096,2354.8
1,shm,thr,4096,27186.4
1,mmap_anon,thr,4096,26889.5
1,mmap_anon_populate,thr,4096,26796.9
1,mmap_file,thr,4096,26770.7
1,file_write,thr,4096,2180.2
1,file_write_fsync,thr,4096,1140.2
1,file_read,thr,4096,9032.2
1,file_read_rand,thr,4096,5282.8
1,file_mmap_read,thr,4096,15844.4
1,file_mmap_seq,thr,4096,16242.8
1,file_mmap_rand,thr,4096,7552.5
1,file_mmap_write,thr,4096,4237.4
1,file_mmap_write_msync,thr,4096,798.3
1,pipe,thr,65536,9880.8
1,fifo,thr,65536,11651.0
1,socketpair,thr,65536,12677.6
1,unix,thr,65536,13040.8
1,tcp,thr,65536,11550.1
1,shm,thr,65536,29298.2
1,mmap_anon,thr,65536,28996.6
1,mmap_anon_populate,thr,65536,29438.0
1,mmap_file,thr,65536,29076.7
1,file_write,thr,65536,6264.3
1,file_write_fsync,thr,65536,1269.2
1,file_read,thr,65536,11811.8
1,file_read_rand,thr,65536,9450.8
1,file_mmap_read,thr,65536,16839.3
1,file_mmap_seq,thr,65536,16589.9
1,file_mmap_rand,thr,65536,15205.7
1,file_mmap_write,thr,65536,4297.2
1,file_mmap_write_msync,thr,65536,1198.6
1,pipe,thr,1048576,11972.1
1,fifo,thr,1048576,11502.5
1,socketpair,thr,1048576,15636.1
1,unix,thr,1048576,15654.6
1,tcp,thr,1048576,14551.1
1,shm,thr,1048576,23959.1
1,mmap_anon,thr,1048576,24064.6
1,mmap_anon_populate,thr,1048576,23770.7
1,mmap_file,thr,1048576,23958.5
1,file_write,thr,1048576,6857.3
1,file_write_fsync,thr,1048576,1385.7
1,file_read,thr,1048576,12577.6
1,file_read_rand,thr,1048576,12580.4
1,file_mmap_read,thr,1048576,16723.6
1,file_mmap_seq,thr,1048576,17238.0
1,file_mmap_rand,thr,1048576,17034.3
1,file_mmap_write,thr,1048576,4250.3
1,file_mmap_write_msync,thr,1048576,1132.6
1,mqueue,thr,4096,6191.9
1,mqueue,thr,8192,7561.4
2,pipe,thr,4096,6846.0
2,fifo,thr,4096,6748.0
2,socketpair,thr,4096,4762.2
2,unix,thr,4096,4746.1
2,tcp,thr,4096,3028.1
2,shm,thr,4096,29349.0
2,mmap_anon,thr,4096,29706.7
2,mmap_anon_populate,thr,4096,29560.2
2,mmap_file,thr,4096,29408.8
2,file_write,thr,4096,5489.5
2,file_write_fsync,thr,4096,1025.0
2,file_read,thr,4096,9135.7
2,file_read_rand,thr,4096,5268.7
2,file_mmap_read,thr,4096,15668.1
2,file_mmap_seq,thr,4096,16282.1
2,file_mmap_rand,thr,4096,7442.9
2,file_mmap_write,thr,4096,4377.5
2,file_mmap_write_msync,thr,4096,1053.5
2,pipe,thr,65536,9614.6
2,fifo,thr,65536,11656.9
2,socketpair,thr,65536,13055.8
2,unix,thr,65536,12848.6
2,tcp,thr,65536,11324.1
2,shm,thr,65536,26145.3
2,mmap_anon,thr,65536,29366.8
2,mmap_anon_populate,thr,65536,29356.2
2,mmap_file,thr,65536,26392.7
2,file_write,thr,65536,6463.4
2,file_write_fsync,thr,65536,1381.6
2,file_read,thr,65536,12022.9
2,file_read_rand,thr,65536,9725.6
2,file_mmap_read,thr,65536,16952.5
2,file_mmap_seq,thr,65536,16819.1
2,file_mmap_rand,thr,65536,15090.6
2,file_mmap_write,thr,65536,4276.2
2,file_mmap_write_msync,thr,65536,1120.8
2,pipe,thr,1048576,12022.4
2,fifo,thr,1048576,11860.0
2,socketpair,thr,1048576,15593.2
2,unix,thr,1048576,15480.4
2,tcp,thr,1048576,14501.3
2,shm,thr,1048576,24034.6
2,mmap_anon,thr,1048576,23969.0
2,mmap_anon_populate,thr,1048576,23684.1
2,mmap_file,thr,1048576,24014.0
2,file_write,thr,1048576,6513.8
2,file_write_fsync,thr,1048576,1451.4
2,file_read,thr,1048576,12380.3
2,file_read_rand,thr,1048576,12415.5
2,file_mmap_read,thr,1048576,16876.4
2,file_mmap_seq,thr,1048576,17086.0
2,file_mmap_rand,thr,1048576,16560.4
2,file_mmap_write,thr,1048576,4281.1
2,file_mmap_write_msync,thr,1048576,1139.5
2,mqueue,thr,4096,4991.9
2,mqueue,thr,8192,8427.5
3,pipe,thr,4096,6859.5
3,fifo,thr,4096,6905.7
3,socketpair,thr,4096,3005.0
3,unix,thr,4096,4341.4
3,tcp,thr,4096,2961.2
3,shm,thr,4096,29436.8
3,mmap_anon,thr,4096,29189.0
3,mmap_anon_populate,thr,4096,27267.3
3,mmap_file,thr,4096,17674.3
3,file_write,thr,4096,1460.9
3,file_write_fsync,thr,4096,920.5
3,file_read,thr,4096,9017.7
3,file_read_rand,thr,4096,5215.7
3,file_mmap_read,thr,4096,15509.9
3,file_mmap_seq,thr,4096,16177.0
3,file_mmap_rand,thr,4096,7394.5
3,file_mmap_write,thr,4096,4309.7
3,file_mmap_write_msync,thr,4096,1181.0
3,pipe,thr,65536,10265.5
3,fifo,thr,65536,11867.5
3,socketpair,thr,65536,13076.8
3,unix,thr,65536,13030.7
3,tcp,thr,65536,11486.5
3,shm,thr,65536,29042.0
3,mmap_anon,thr,65536,28849.1
3,mmap_anon_populate,thr,65536,29044.6
3,mmap_file,thr,65536,28895.7
3,file_write,thr,65536,6422.7
3,file_write_fsync,thr,65536,1338.0
3,file_read,thr,65536,12291.2
3,file_read_rand,thr,65536,10427.2
3,file_mmap_read,thr,65536,16511.5
3,file_mmap_seq,thr,65536,16826.2
3,file_mmap_rand,thr,65536,14986.5
3,file_mmap_write,thr,65536,4270.3
3,file_mmap_write_msync,thr,65536,1153.8
3,pipe,thr,1048576,11628.4
3,fifo,thr,1048576,11283.9
3,socketpair,thr,1048576,14604.0
3,unix,thr,1048576,14482.8
3,tcp,thr,1048576,13398.2
3,shm,thr,1048576,22906.8
3,mmap_anon,thr,1048576,23914.7
3,mmap_anon_populate,thr,1048576,23634.0
3,mmap_file,thr,1048576,24160.8
3,file_write,thr,1048576,6613.5
3,file_write_fsync,thr,1048576,1377.1
3,file_read,thr,1048576,12247.9
3,file_read_rand,thr,1048576,12382.6
3,file_mmap_read,thr,1048576,16433.3
3,file_mmap_seq,thr,1048576,16450.4
3,file_mmap_rand,thr,1048576,16173.4
3,file_mmap_write,thr,1048576,4197.7
3,file_mmap_write_msync,thr,1048576,1244.5
3,mqueue,thr,4096,4215.6
3,mqueue,thr,8192,7954.5
