run,name,mode,size,mean_ns,median_ns,p99_ns,max_ns
1,pipe,lat,8,818.3,812,1146,31708
1,fifo,lat,8,834.8,812,1145,45333
1,socketpair,lat,8,1752.8,1146,3896,369833
1,unix,lat,8,2137.0,1708,8750,1448375
1,tcp,lat,8,2335.9,1771,4875,324083
1,mqueue,lat,8,1147.4,896,1562,128916
1,shm_spin,lat,8,425.1,354,646,59416
1,mmap_anon_spin,lat,8,338.2,312,437,30958
1,mmap_anon_populate_spin,lat,8,345.6,333,437,37000
1,mmap_file_spin,lat,8,353.2,333,437,37687
1,shm_sem,lat,8,807.6,833,1166,468771
1,mmap_anon_sem,lat,8,796.4,833,937,46958
1,mmap_anon_populate_sem,lat,8,792.0,812,854,29083
1,mmap_file_sem,lat,8,792.2,812,896,47104
1,mmap_file_msync_async_spin,lat,8,464.5,437,625,15979
1,mmap_file_msync_sync_spin,lat,8,26031.6,25312,32604,116667
1,pipe,lat,64,815.5,812,958,556041
1,fifo,lat,64,798.3,812,833,31708
1,socketpair,lat,64,1094.1,896,3187,718770
1,unix,lat,64,1049.8,958,1812,68395
1,tcp,lat,64,1549.1,1541,1646,28146
1,mqueue,lat,64,777.3,791,875,17187
1,shm_spin,lat,64,323.2,312,396,15958
1,mmap_anon_spin,lat,64,322.6,312,396,16541
1,mmap_anon_populate_spin,lat,64,327.4,312,437,58145
1,mmap_file_spin,lat,64,345.7,312,541,48916
1,shm_sem,lat,64,789.6,812,1146,24583
1,mmap_anon_sem,lat,64,786.6,812,916,44271
1,mmap_anon_populate_sem,lat,64,890.9,812,3562,3268625
1,mmap_file_sem,lat,64,822.1,833,1208,68041
1,mmap_file_msync_async_spin,lat,64,459.5,437,625,18687
1,mmap_file_msync_sync_spin,lat,64,32281.5,29708,103937,438854
1,pipe,lat,512,840.5,833,1208,69521
1,fifo,lat,512,817.3,833,875,25187
1,socketpair,lat,512,1112.9,937,2208,69062
1,unix,lat,512,1004.0,917,1625,307500
1,tcp,lat,512,1696.2,1562,3854,500375
1,mqueue,lat,512,792.9,792,916,6250
1,shm_spin,lat,512,328.0,312,416,19000
1,mmap_anon_spin,lat,512,335.5,312,437,175250
1,mmap_anon_populate_spin,lat,512,328.9,312,416,29833
1,mmap_file_spin,lat,512,328.9,312,437,18354
1,shm_sem,lat,512,780.9,812,854,25854
1,mmap_anon_sem,lat,512,796.8,833,916,125333
1,mmap_anon_populate_sem,lat,512,802.0,833,937,35479
1,mmap_file_sem,lat,512,795.8,833,937,52187
1,mmap_file_msync_async_spin,lat,512,447.4,437,562,12146
1,mmap_file_msync_sync_spin,lat,512,26026.2,25437,32646,45167
1,pipe,lat,4096,953.4,958,1104,35979
1,fifo,lat,4096,1065.8,979,2812,20604
1,socketpair,lat,4096,1343.6,1146,2500,51916
1,unix,lat,4096,1278.0,1104,1812,31854
1,tcp,lat,4096,1749.1,1750,1833,23312
1,mqueue,lat,4096,1038.9,1062,1333,18146
1,shm_spin,lat,4096,358.2,333,479,34458
1,mmap_anon_spin,lat,4096,360.4,333,562,40083
1,mmap_anon_populate_spin,lat,4096,363.8,333,500,35396
1,mmap_file_spin,lat,4096,393.0,354,562,72062
1,shm_sem,lat,4096,923.4,833,1229,8185875
1,mmap_anon_sem,lat,4096,844.8,854,1166,98604
1,mmap_anon_populate_sem,lat,4096,827.2,833,875,7062
1,mmap_file_sem,lat,4096,822.5,833,875,28729
1,mmap_file_msync_async_spin,lat,4096,491.0,458,666,14833
1,mmap_file_msync_sync_spin,lat,4096,27976.7,26791,36187,85229
2,pipe,lat,8,808.7,812,896,98312
2,fifo,lat,8,808.3,812,854,19000
2,socketpair,lat,8,1087.5,917,1645,32104
2,unix,lat,8,1074.2,917,1895,47229
2,tcp,lat,8,1598.1,1583,1791,7958
2,mqueue,lat,8,798.2,792,958,19896
2,shm_spin,lat,8,332.5,312,437,28666
2,mmap_anon_spin,lat,8,324.2,312,416,16000
2,mmap_anon_populate_spin,lat,8,324.2,312,416,16895
2,mmap_file_spin,lat,8,324.1,312,416,17666
2,shm_sem,lat,8,781.3,812,1000,45041
2,mmap_anon_sem,lat,8,796.3,812,1146,250625
2,mmap_anon_populate_sem,lat,8,795.3,812,1146,46541
2,mmap_file_sem,lat,8,798.3,833,875,31541
2,mmap_file_msync_async_spin,lat,8,453.5,437,625,11958
2,mmap_file_msync_sync_spin,lat,8,26091.4,25583,32583,72833
2,pipe,lat,64,805.4,812,854,18937
2,fifo,lat,64,800.2,812,916,104521
2,socketpair,lat,64,1018.2,896,1604,52812
2,unix,lat,64,1013.6,896,1604,24500
2,tcp,lat,64,1565.6,1562,1687,48729
2,mqueue,lat,64,775.4,791,833,16854
2,shm_spin,lat,64,323.3,312,416,16416
2,mmap_anon_spin,lat,64,321.6,312,416,15312
2,mmap_anon_populate_spin,lat,64,324.7,312,396,22791
2,mmap_file_spin,lat,64,325.1,312,416,16041
2,shm_sem,lat,64,770.4,812,854,54729
2,mmap_anon_sem,lat,64,787.4,812,854,19312
2,mmap_anon_populate_sem,lat,64,798.4,833,875,42791
2,mmap_file_sem,lat,64,794.1,833,875,17395
2,mmap_file_msync_async_spin,lat,64,460.5,437,625,14187
2,mmap_file_msync_sync_spin,lat,64,25998.6,25354,32375,47666
2,pipe,lat,512,804.1,812,854,20021
2,fifo,lat,512,796.4,812,854,15770
2,socketpair,lat,512,1041.4,916,1625,45271
2,unix,lat,512,1069.7,937,1646,21271
2,tcp,lat,512,1569.8,1562,1667,25083
2,mqueue,lat,512,785.1,791,833,14208
2,shm_spin,lat,512,323.5,312,396,18771
2,mmap_anon_spin,lat,512,327.5,312,417,16687
2,mmap_anon_populate_spin,lat,512,325.6,312,417,20854
2,mmap_file_spin,lat,512,329.2,312,416,16875
2,shm_sem,lat,512,795.7,833,875,17958
2,mmap_anon_sem,lat,512,812.9,833,1166,227167
2,mmap_anon_populate_sem,lat,512,796.8,833,854,19458
2,mmap_file_sem,lat,512,788.7,812,854,18792
2,mmap_file_msync_async_spin,lat,512,467.8,437,645,13562
2,mmap_file_msync_sync_spin,lat,512,25859.5,25208,32166,77937
2,pipe,lat,4096,941.9,958,1020,74625
2,fifo,lat,4096,934.1,958,1000,33833
2,socketpair,lat,4096,1303.5,1104,1833,59750
2,unix,lat,4096,1318.2,1104,1833,34354
2,tcp,lat,4096,1777.3,1771,1979,29000
2,mqueue,lat,4096,971.3,1000,1042,17312
2,shm_spin,lat,4096,356.3,333,458,21354
2,mmap_anon_spin,lat,4096,357.1,333,437,17646
2,mmap_anon_populate_spin,lat,4096,354.6,333,437,32812
2,mmap_file_spin,lat,4096,359.8,333,437,30958
2,shm_sem,lat,4096,805.2,833,875,45750
2,mmap_anon_sem,lat,4096,825.6,833,875,17166
2,mmap_anon_populate_sem,lat,4096,820.9,833,875,17604
2,mmap_file_sem,lat,4096,820.3,833,875,22875
2,mmap_file_msync_async_spin,lat,4096,477.9,458,562,10062
2,mmap_file_msync_sync_spin,lat,4096,29341.2,28500,42687,387021
3,pipe,lat,8,797.0,812,854,17416
3,fifo,lat,8,802.5,812,854,32979
3,socketpair,lat,8,1003.3,896,1604,22833
3,unix,lat,8,992.5,896,1583,23187
3,tcp,lat,8,1597.0,1583,2208,230333
3,mqueue,lat,8,786.7,791,896,19479
3,shm_spin,lat,8,320.7,312,417,18396
3,mmap_anon_spin,lat,8,322.6,312,396,18229
3,mmap_anon_populate_spin,lat,8,321.9,312,396,22875
3,mmap_file_spin,lat,8,323.2,312,396,22000
3,shm_sem,lat,8,782.2,812,854,125541
3,mmap_anon_sem,lat,8,805.2,812,1146,33625
3,mmap_anon_populate_sem,lat,8,813.2,833,895,18312
3,mmap_file_sem,lat,8,784.5,812,854,19750
3,mmap_file_msync_async_spin,lat,8,448.6,437,625,14708
3,mmap_file_msync_sync_spin,lat,8,25983.2,25458,31791,52062
3,pipe,lat,64,803.0,812,854,17812
3,fifo,lat,64,805.2,812,854,7645
3,socketpair,lat,64,1006.3,916,1625,226708
3,unix,lat,64,1005.1,916,1625,63854
3,tcp,lat,64,1590.3,1583,2208,59437
3,mqueue,lat,64,785.3,791,1083,30146
3,shm_spin,lat,64,322.6,312,396,19166
3,mmap_anon_spin,lat,64,324.0,312,396,18145
3,mmap_anon_populate_spin,lat,64,326.0,312,416,50771
3,mmap_file_spin,lat,64,325.4,312,417,18229
3,shm_sem,lat,64,788.6,833,1104,364625
3,mmap_anon_sem,lat,64,804.9,833,1041,43666
3,mmap_anon_populate_sem,lat,64,783.5,812,854,25250
3,mmap_file_sem,lat,64,806.5,833,875,23437
3,mmap_file_msync_async_spin,lat,64,453.2,437,625,13541
3,mmap_file_msync_sync_spin,lat,64,26404.5,25375,33958,164354
3,pipe,lat,512,844.4,833,1146,32562
3,fifo,lat,512,815.3,812,1041,54020
3,socketpair,lat,512,1074.4,937,1646,21687
3,unix,lat,512,1027.4,916,1791,123895
3,tcp,lat,512,1562.6,1541,2041,66687
3,mqueue,lat,512,806.8,792,1104,54812
3,shm_spin,lat,512,486.4,312,667,2154021
3,mmap_anon_spin,lat,512,354.1,312,542,42479
3,mmap_anon_populate_spin,lat,512,331.3,312,479,54667
3,mmap_file_spin,lat,512,329.8,312,437,40479
3,shm_sem,lat,512,795.6,812,1125,48812
3,mmap_anon_sem,lat,512,786.3,833,854,22520
3,mmap_anon_populate_sem,lat,512,854.8,833,3042,65166
3,mmap_file_sem,lat,512,796.7,833,937,48500
3,mmap_file_msync_async_spin,lat,512,463.2,437,625,15021
3,mmap_file_msync_sync_spin,lat,512,26550.9,25458,34833,366520
3,pipe,lat,4096,951.4,958,1354,59979
3,fifo,lat,4096,950.5,958,1333,287333
3,socketpair,lat,4096,1281.9,1104,1833,27500
3,unix,lat,4096,1278.0,1104,1833,55312
3,tcp,lat,4096,1782.5,1771,1958,74562
3,mqueue,lat,4096,1031.2,1041,1083,21083
3,shm_spin,lat,4096,355.6,333,458,26771
3,mmap_anon_spin,lat,4096,356.8,333,458,22167
3,mmap_anon_populate_spin,lat,4096,357.9,333,437,54645
3,mmap_file_spin,lat,4096,357.9,333,437,18625
3,shm_sem,lat,4096,833.3,854,895,27167
3,mmap_anon_sem,lat,4096,883.5,854,2583,36250
3,mmap_anon_populate_sem,lat,4096,823.6,854,979,55833
3,mmap_file_sem,lat,4096,840.5,854,979,7583
3,mmap_file_msync_async_spin,lat,4096,565.5,520,1896,15750
3,mmap_file_msync_sync_spin,lat,4096,27280.1,26625,34416,54666
